id_tecnico,nome,nivel,equipe,data_admissao
1,Rafael Lima,Sênior,Equipe Oeste,2019-01-23
2,Juliana Prado,Júnior,Equipe Sorocaba,2017-06-02
3,Marcos Teixeira,Pleno,Equipe Norte/Leste,2018-07-06
4,Patrícia Nunes,Pleno,Equipe Oeste,2017-04-27
5,Diego Fernandes,Pleno,Equipe Sorocaba,2018-01-16
6,Camila Rocha,Pleno,Equipe Norte/Leste,2023-09-18
7,André Moura,Júnior,Equipe Oeste,2020-10-01
8,Fernanda Alves,Júnior,Equipe Sorocaba,2016-10-29
9,Thiago Barros,Pleno,Equipe Norte/Leste,2019-11-23
10,Larissa Campos,Pleno,Equipe Oeste,2018-06-12
11,Bruno Siqueira,Júnior,Equipe Sorocaba,2021-12-28
12,Renata Duarte,Sênior,Equipe Norte/Leste,2023-07-02
13,Felipe Antunes,Sênior,Equipe Oeste,2016-02-12
14,Vanessa Lopes,Júnior,Equipe Sorocaba,2020-03-17
15,Gustavo Ribeiro,Júnior,Equipe Norte/Leste,2020-01-17
16,Aline Martins,Pleno,Equipe Oeste,2024-12-13
17,Leandro Castro,Júnior,Equipe Sorocaba,2019-04-20
18,Priscila Gomes,Sênior,Equipe Norte/Leste,2017-06-29
